{
  "coefficients": {
    "default": {
      "keys": ["e1","b1","b2","b3","c1","c2","c3","tau_c3","phi_s2s","tau_event_0","tau_l2l","phi_0","d0_obs","d1_obs","phi_s2s_obs","d0_inf","d1_inf","phi_s2s_inf"],
      "type": {
        "PGV": [1.11912161648479,2.55771078860152,0.353267224391297,0.879839839344054,-1.41931258132547,0.270680725821352,-0.30442614217537,0.178233997535235,0.56062775997784,0.422935885699239,0.25856035022789,0.44652524704962,3.30975201,-0.53326451,0.36257068,2.78401517,-0.43790954,0.42677529],
        "PGA": [3.93782347219377,2.0657316710144,0.304988012209292,0.444773874960317,-1.49787542346412,0.281241474631338,-0.609876182476899,0.253818777234181,0.606771946180224,0.441761487685862,0.355279206886721,0.467151252053241,2.65261454,-0.43301831,0.38806156,1.88258216,-0.29656277,0.51606938],
        "SA-0.01": [3.94038760011295,2.06441772899445,0.305294151898347,0.444352974827805,-1.50006146971318,0.281612043167839,-0.608869451197394,0.253797652143759,0.607030265833062,0.441635449735044,0.356047209347534,0.467206938011971,2.56961762,-0.4198127,0.4004476,1.82057082,-0.2868788,0.51867018],
        "SA-0.025": [3.97499686979384,2.04519749120013,0.308841647142436,0.43937438371006,-1.54376149680542,0.283003128060248,-0.573207556417252,0.252734624432,0.610030865927204,0.437676505154608,0.368398604288111,0.468698397037258,2.52820436,-0.41328371,0.40623719,1.79206766,-0.28244435,0.52160624],
        "SA-0.04": [4.08702279605872,1.99149766561616,0.31967342842872,0.418531185104657,-1.63671359040283,0.298482376248628,-0.535139204130152,0.244894143623498,0.626413180170373,0.42963740173554,0.41292124015694,0.473730661220076,2.4278436,-0.39762162,0.41977221,1.72300482,-0.27169228,0.53093819],
        "SA-0.05": [4.1839757039997,1.96912968528742,0.328982074841989,0.389853296189063,-1.66358950776148,0.312192891348856,-0.55519110701142,0.260330694464557,0.638967955474841,0.433639923327438,0.444324049044753,0.479898166019243,2.3095673,-0.37937894,0.43465421,1.64224336,-0.25906654,0.54404664],
        "SA-0.07": [4.38176649786342,1.924507881345,0.321182873495225,0.379581373255289,-1.64352914575492,0.313810195309151,-0.641089475725666,0.28697603702655,0.661064599433347,0.444338223383705,0.470938801038256,0.487060899687138,2.21859665,-0.36551691,0.44921838,1.56920377,-0.24754055,0.55532276],
        "SA-0.10": [4.60722959404894,1.90125096928647,0.298805051330753,0.393002352641809,-1.54339428982169,0.284939573977668,-0.744270750619733,0.321927482439715,0.663309669119995,0.458382304191096,0.47873796550494,0.496152397155402,2.22143266,-0.36624939,0.4643261,1.53915732,-0.24268225,0.56118134],
        "SA-0.15": [4.78583314367062,1.92620172077838,0.249893333649662,0.435396192976506,-1.38136438628699,0.225411342222468,-0.815688997995934,0.322145126407981,0.655406109737959,0.459702777214781,0.414046169030935,0.497805936702476,2.35118737,-0.38662423,0.47703588,1.59963888,-0.25206957,0.5591169],
        "SA-0.20": [4.81847463780069,1.97006598187863,0.2187228833232,0.469713318293785,-1.30697558633587,0.182653319480423,-0.773372802995208,0.301795870071949,0.643585009231006,0.464006126996261,0.321975745683642,0.494075956910651,2.55240529,-0.41806691,0.48025344,1.75423282,-0.27634242,0.54824186],
        "SA-0.25": [4.75134747347049,2.0109744515637,0.195062831156806,0.532210412551561,-1.2625948407895,0.155157500747311,-0.722012122448262,0.274998157533509,0.623240061418664,0.457687642192569,0.293329526713994,0.48895083709122,2.74904047,-0.44882046,0.46891833,1.9652786,-0.30954933,0.53109975],
        "SA-0.30": [4.65252285968525,2.09278551802016,0.194929941231544,0.557034893811231,-1.24071282395616,0.137000806698506,-0.660466290850886,0.260774631679394,0.609748615552919,0.457514283978959,0.266836791529257,0.482157450259502,2.93212957,-0.47759683,0.44983953,2.19913556,-0.34634476,0.51454301],
        "SA-0.35": [4.53350897671045,2.14179725762371,0.189511462582876,0.609892595327716,-1.21514531872583,0.124712246455925,-0.618593385936676,0.254261888951322,0.609506191611413,0.450960093750492,0.23161418535972,0.480254056040507,3.12993498,-0.50873128,0.43569377,2.44212272,-0.38459154,0.50459028],
        "SA-0.40": [4.44193244811952,2.2286249882744,0.200305171692326,0.614767001033243,-1.18897228839914,0.115638761627045,-0.59157454606896,0.243643375298288,0.615477199296824,0.441122908694716,0.240825814626397,0.475193646646757,3.33033435,-0.54013326,0.43045602,2.67707249,-0.42163058,0.50107926],
        "SA-0.45": [4.33697728548038,2.29103572171716,0.209573442606565,0.634252522127606,-1.18013993982454,0.110083468650094,-0.555234498707119,0.245883260391068,0.619384591074073,0.436294164198843,0.249245758570064,0.469672671050266,3.50290267,-0.5669606,0.43223316,2.88578405,-0.45456492,0.50146998],
        "SA-0.50": [4.23507897753587,2.35399193121686,0.218088423514177,0.658541873692286,-1.17726165949601,0.102697814618672,-0.519413341065942,0.23855982923116,0.624993564560933,0.428500398327627,0.243778652813106,0.46316502713289,3.65227902,-0.58990263,0.43887979,3.06576841,-0.48290522,0.50314566],
        "SA-0.60": [4.02306439391925,2.42753387249929,0.218787915039312,0.754615594874153,-1.16678688970027,0.0940582863096094,-0.454043559543982,0.216855298090451,0.635090711921061,0.426296731581312,0.246117069779268,0.45120669216319,3.78937389,-0.61070144,0.44724118,3.2089458,-0.50535303,0.50313816],
        "SA-0.70": [3.83201580121827,2.51268432884949,0.225024841305,0.765438564882833,-1.16236278470164,0.0865917976706938,-0.397781532595396,0.215716276719833,0.633635835573626,0.425379430268476,0.246750734502549,0.446704739768374,3.90172707,-0.62754331,0.45268279,3.29999705,-0.51955858,0.50200072],
        "SA-0.75": [3.74614211993052,2.55840246083607,0.231604957273506,0.793480645885641,-1.15333203234665,0.0824927940948198,-0.376630503031279,0.209593410875067,0.637877956868669,0.428563811859323,0.245166749142241,0.444311331912854,3.97560847,-0.63847685,0.45583313,3.34616641,-0.52673049,0.50236259],
        "SA-0.80": [3.65168809980226,2.59467404437385,0.237334498546207,0.828241777740572,-1.14645090256437,0.0837439530041729,-0.363246464853852,0.192106714053294,0.638753820813416,0.433880652259324,0.240072953116796,0.439300059540554,4.01969394,-0.64478309,0.46384687,3.37966751,-0.53196741,0.5026666],
        "SA-0.90": [3.51228638217709,2.6881022507275,0.251716558693382,0.845561170244942,-1.13599614124436,0.0834018259445213,-0.333908265367165,0.17745661040539,0.640328521929993,0.438913972406961,0.247662698012904,0.433043490235851,4.05410191,-0.64939631,0.47448247,3.42678904,-0.53940883,0.49912472],
        "SA-1.00": [3.36982044793917,2.74249776483975,0.256784133033388,0.896648260528882,-1.12443352348542,0.0854384622609198,-0.317465939881623,0.17199777836726,0.638429444564638,0.444086895369946,0.238111905941701,0.426703815544157,4.07365692,-0.6515351,0.48134887,3.49473194,-0.55015995,0.49404787],
        "SA-1.20": [3.10224418952824,2.82683484364226,0.262683442221073,0.982921357727718,-1.12116148624672,0.0973231293288241,-0.27561623554107,0.160445653296358,0.640086303643832,0.446121165446841,0.226825215617356,0.416539877732589,4.05048971,-0.64704214,0.4870835,3.57270165,-0.56244631,0.49375397],
        "SA-1.40": [2.84933745949861,2.89911332547612,0.272065572034688,1.04000063705672,-1.12848926976065,0.10028872491334,-0.234977212668109,0.150949141990859,0.649359928046388,0.45701158337738,0.231922092201736,0.40964111348927,3.99349305,-0.6375682,0.4959628,3.64615783,-0.57391983,0.49885402],
        "SA-1.60": [2.63503429015231,2.98365736561984,0.289670716036571,1.0730021186583,-1.1406471105998,0.110078821486613,-0.198050139347725,0.148738498099927,0.650540540696659,0.462781403376806,0.223897549097876,0.404985162254916,3.94048869,-0.62914699,0.50237219,3.70614492,-0.58319956,0.50427003],